{
	"type": "minecraft:chest",
	"pools": [
		{
			"rolls": {
				"min": 3,
				"max": 7,
				"type": "minecraft:uniform"
			},
			"entries": [
				{
					"type": "minecraft:item",
					"weight": 14,
					"functions": [
						{
							"function": "minecraft:set_count",
							"count": {
								"min": 1,
								"max": 3,
								"type": "minecraft:uniform"
							}
						}
					],
					"name": "minecraft:gold_ingot"
				},
				{
					"type": "minecraft:item",
					"weight": 14,
					"functions": [
						{
							"function": "minecraft:set_count",
							"count": {
								"min": 1,
								"max": 4,
								"type": "minecraft:uniform"
							}
						}
					],
					"name": "minecraft:gold_nugget"
				},
				{
					"type": "minecraft:item",
					"weight": 10,
					"functions": [
						{
							"function": "minecraft:set_count",
							"count": {
								"min": 1,
								"max": 3,
								"type": "minecraft:uniform"
							}
						}
					],
					"name": "minecraft:emerald"
				},
				{
					"type": "minecraft:item",
					"weight": 10,
					"functions": [
						{
							"function": "minecraft:set_count",
							"count": {
								"min": 1,
								"max": 4,
								"type": "minecraft:uniform"
							}
						}
					],
					"name": "minecraft:gunpowder"
				},
				{
					"type": "minecraft:item",
					"weight": 4,
					"name": "minecraft:compass"
				},
				{
					"type": "minecraft:item",
					"weight": 3,
					"functions": [
						{
							"function": "minecraft:enchant_with_levels",
							"levels": 30,
							"treasure": true
						}
					],
					"name": "minecraft:book"
				},
				{
					"type": "minecraft:item",
					"name": "minecraft:potion",
					"weight": 3,
					"functions": [
						{
							"function": "minecraft:set_potion",
							"id": "minecraft:slow_falling"
						}
					]
				},
				{
					"type": "minecraft:item",
					"name": "minecraft:potion",
					"weight": 1,
					"functions": [
						{
							"function": "minecraft:set_potion",
							"id": "minecraft:strong_strength"
						}
					]
				}
			]
		},
		{
			"rolls": 1,
			"entries": [
				{
					"type": "minecraft:item",
					"name": "minecraft:map",
					"weight": 1
				},
				{
					"type": "minecraft:item",
					"name": "minecraft:spyglass",
					"weight": 2
				}
			]
		},
		{
			"rolls": 1,
			"entries": [
				{
					"type": "minecraft:item",
					"name": "minecraft:golden_apple",
					"weight": 3
				},
				{
					"type": "minecraft:item",
					"name": "minecraft:enchanted_golden_apple",
					"weight": 1
				},
				{
					"type": "minecraft:item",
					"name": "minecraft:emerald"
				}
			]
		}
	]
}