{
	"type": "minecraft:chest",
	"pools": [
		{
			"rolls": {
				"min": 4,
				"max": 8,
				"type": "minecraft:uniform"
			},
			"entries": [
				{
					"type": "minecraft:item",
					"weight": 14,
					"functions": [
						{
							"function": "minecraft:set_count",
							"count": {
								"min": 1,
								"max": 3,
								"type": "minecraft:uniform"
							}
						}
					],
					"name": "minecraft:iron_ingot"
				},
				{
					"type": "minecraft:item",
					"weight": 14,
					"functions": [
						{
							"function": "minecraft:set_count",
							"count": {
								"min": 1,
								"max": 4,
								"type": "minecraft:uniform"
							}
						}
					],
					"name": "minecraft:gold_nugget"
				},
				{
					"type": "minecraft:item",
					"weight": 10,
					"functions": [
						{
							"function": "minecraft:set_count",
							"count": {
								"min": 1,
								"max": 2,
								"type": "minecraft:uniform"
							}
						}
					],
					"name": "minecraft:emerald"
				},
				{
					"type": "minecraft:item",
					"weight": 10,
					"functions": [
						{
							"function": "minecraft:set_count",
							"count": {
								"min": 1,
								"max": 4,
								"type": "minecraft:uniform"
							}
						}
					],
					"name": "minecraft:bread"
				},
				{
					"type": "minecraft:item",
					"weight": 8,
					"name": "minecraft:ender_pearl"
				},
				{
					"type": "minecraft:item",
					"weight": 3,
					"functions": [
						{
							"function": "minecraft:enchant_with_levels",
							"levels": 30,
							"treasure": true
						}
					],
					"name": "minecraft:book"
				}
			]
		},
		{
			"rolls": 1,
			"entries": [
				{
					"type": "minecraft:item",
					"name": "minecraft:map"
				},
				{
					"type": "minecraft:item",
					"name": "minecraft:spyglass",
					"weight": 2
				}
			]
		},
		{
			"rolls": 1,
			"entries": [
				{
					"type": "minecraft:item",
					"name": "minecraft:leather",
					"weight": 2,
					"functions": [
						{
							"function": "minecraft:set_count",
							"count": {
								"type": "minecraft:uniform",
								"min": 1,
								"max": 3
							}
						}
					]
				},
				{
					"type": "minecraft:item",
					"name": "minecraft:rabbit_hide",
					"weight": 1,
					"functions": [
						{
							"function": "minecraft:set_count",
							"count": {
								"type": "minecraft:uniform",
								"min": 1,
								"max": 3
							}
						}
					]
				},
				{
					"type": "minecraft:empty",
					"weight": 5
				}
			]
		}
	]
}