{
  "elements": [
    {
      "weight": 1,
      "element": {
        "element_type": "minecraft:single_pool_element",
        "projection": "rigid",
        "location": "bmairballoons:air_balloon/cyan_air_balloon",
        "processors": {
          "processors": []
        }
      }
    },
    {
      "weight": 1,
      "element": {
        "element_type": "minecraft:single_pool_element",
        "projection": "rigid",
        "location": "bmairballoons:air_balloon/lime_air_balloon",
        "processors": {
          "processors": []
        }
      }
    },
    {
      "weight": 1,
      "element": {
        "element_type": "minecraft:single_pool_element",
        "projection": "rigid",
        "location": "bmairballoons:air_balloon/orange_air_balloon",
        "processors": {
          "processors": []
        }
      }
    },
    {
      "weight": 5,
      "element": {
        "element_type": "minecraft:single_pool_element",
        "projection": "rigid",
        "location": "bmairballoons:air_balloon/purple_air_balloon",
        "processors": {
          "processors": []
        }
      }
    },
    {
      "weight": 5,
      "element": {
        "element_type": "minecraft:single_pool_element",
        "projection": "rigid",
        "location": "bmairballoons:air_balloon/red_air_balloon",
        "processors": {
          "processors": []
        }
      }
    },
    {
      "weight": 5,
      "element": {
        "element_type": "minecraft:single_pool_element",
        "projection": "rigid",
        "location": "bmairballoons:air_balloon/yellow_air_balloon",
        "processors": {
          "processors": []
        }
      }
    }
  ],
  "fallback": "minecraft:empty"
}