{
  "temperature": 1.7,
  "downfall": 0.4,
  "has_precipitation": false,
  "category": "forest",
  "effects": {
    "sky_color": 7972607,
    "fog_color": 12638463,
    "water_color": 2218432,
    "water_fog_color": 329011,
    "grass_color_modifier": "dark_forest",
    "mood_sound": {
      "sound": "minecraft:ambient.cave",
      "tick_delay": 6000,
      "block_search_extent": 8,
      "offset": 2
    }
  },
  "spawners": {
    "monster": [
      {
        "type": "minecraft:spider",
        "weight": 100,
        "minCount": 4,
        "maxCount": 4
      },
      {
        "type": "minecraft:zombie",
        "weight": 75,
        "minCount": 4,
        "maxCount": 4
      },
      {
        "type": "minecraft:zombie_villager",
        "weight": 25,
        "minCount": 1,
        "maxCount": 1
      },
      {
        "type": "minecraft:skeleton",
        "weight": 70,
        "minCount": 4,
        "maxCount": 4
      },
      {
        "type": "minecraft:creeper",
        "weight": 90,
        "minCount": 4,
        "maxCount": 7
      },
      {
        "type": "minecraft:slime",
        "weight": 100,
        "minCount": 4,
        "maxCount": 4
      },
      {
        "type": "minecraft:enderman",
        "weight": 30,
        "minCount": 1,
        "maxCount": 6
      },
      {
        "type": "minecraft:witch",
        "weight": 25,
        "minCount": 1,
        "maxCount": 2
      }
    ],
    "creature": [
      {
        "type": "minecraft:sheep",
        "weight": 14,
        "minCount": 4,
        "maxCount": 8
      },
      {
        "type": "minecraft:pig",
        "weight": 7,
        "minCount": 3,
        "maxCount": 4
      },
      {
        "type": "minecraft:chicken",
        "weight": 2,
        "minCount": 4,
        "maxCount": 4
      },
      {
        "type": "minecraft:cow",
        "weight": 17,
        "minCount": 4,
        "maxCount": 8
      }
    ],
    "ambient": [
      {
        "type": "minecraft:bat",
        "weight": 10,
        "minCount": 8,
        "maxCount": 8
      },
      {
        "type": "minecraft:parrot",
        "weight": 3,
        "minCount": 2,
        "maxCount": 3
      }
    ],
    "axolotls": [],
    "underground_water_creature": [
      {
        "type": "minecraft:glow_squid",
        "weight": 10,
        "minCount": 4,
        "maxCount": 6
      }
    ],
    "water_creature": [
      {
        "type": "minecraft:squid",
        "weight": 2,
        "minCount": 3,
        "maxCount": 4
      },
      {
        "type": "minecraft:glow_squid",
        "weight": 1,
        "minCount": 1,
        "maxCount": 1
      },
      {
        "type": "minecraft:axolotl",
        "weight": 3,
        "minCount": 1,
        "maxCount": 3
      }
    ],
    "water_ambient": [
      {
        "type": "minecraft:salmon",
        "weight": 4,
        "minCount": 3,
        "maxCount": 6
      },
      {
        "type": "minecraft:cod",
        "weight": 2,
        "minCount": 2,
        "maxCount": 3
      }
    ],
    "misc": []
  },
  "spawn_costs": {},
  "carvers": {
    "air": [
      "minecraft:cave",
      "minecraft:cave_extra_underground",
      "minecraft:canyon"
    ]
  },
  "features": [
    [],
    [
      "minecraft:lake_lava_underground",
      "minecraft:lake_lava_surface",
      "strato:delta"
    ],
    [
      "minecraft:amethyst_geode",
	  "ore_geodes:diamond_geode",
	  "ore_geodes:gold_geode",
	  "ore_geodes:copper_geode",
	  "ore_geodes:iron_geode",
	  "ore_geodes:coal_geode",
	  "ore_geodes:redstone_geode",
      "strato:small_basalt_columns",
      "strato:large_basalt_columns",
      "strato:sparse_smooth_basalt_pillar"
    ],
    [
      "minecraft:monster_room",
      "minecraft:monster_room_deep"
    ],
    [
      "strato:lava_fall"
    ],
    [],
    [
      "minecraft:ore_dirt",
      "minecraft:ore_gravel",
      "minecraft:ore_granite_upper",
      "minecraft:ore_granite_lower",
      "minecraft:ore_diorite_upper",
      "minecraft:ore_diorite_lower",
      "minecraft:ore_andesite_upper",
      "minecraft:ore_andesite_lower",
      "minecraft:ore_tuff",
      "minecraft:ore_coal_upper",
      "minecraft:ore_coal_lower",
      "minecraft:ore_iron_upper",
      "minecraft:ore_iron_middle",
      "minecraft:ore_iron_small",
      "minecraft:ore_gold",
      "minecraft:ore_gold_lower",
      "minecraft:ore_redstone",
      "minecraft:ore_redstone_lower",
      "minecraft:ore_diamond",
      "minecraft:ore_diamond_large",
      "minecraft:ore_diamond_buried",
      "minecraft:ore_lapis",
      "minecraft:ore_lapis_buried",
      "minecraft:ore_copper",
      "minecraft:underwater_magma",
      "minecraft:ore_gold_extra",
      "minecraft:disk_sand",
      "minecraft:disk_clay",
      "minecraft:disk_gravel"
    ],
    [],
    [
      "minecraft:spring_water",
      "minecraft:spring_lava"
    ],
    [
      "minecraft:glow_lichen",
      "strato:grass_rocks",
      "strato:red_sand",
      "strato:basalt",
      "strato:basalt_rubble",
      "strato:trees_big_dark_oak",
      "strato:trees_rare_normal_dark_oak",
      "strato:trees_azalea",
      "strato:red_flowers",
      "strato:basic_grass",
      "strato:fern_grass",
      "minecraft:patch_sugar_cane",
      "minecraft:warm_ocean_vegetation",
      "minecraft:sea_pickle",
      "minecraft:spring_delta",
      "minecraft:ore_magma",
      "minecraft:spring_closed_double"
    ],
    [
      "minecraft:freeze_top_layer"
    ]
  ]
}
