{
  "temperature": 0.5,
  "downfall": 0.8,
  "has_precipitation": true,
  "effects": {
    "sky_color": 8103167,
    "fog_color": 12638463,
    "water_color": 6141935,
    "water_fog_color": 6141935,
    "grass_color": 11983713,
    "foliage_color": 11983713,
    "mood_sound": {
      "sound": "minecraft:ambient.cave",
      "tick_delay": 6000,
      "block_search_extent": 8,
      "offset": 2
    },
    "music": {
      "sound": "minecraft:music.overworld.cherry_grove",
      "min_delay": 12000,
      "max_delay": 24000,
      "replace_current_music": false
    }
  },
  "spawners": {
    "ambient": [
      {
        "type": "minecraft:bat",
        "weight": 10,
        "minCount": 8,
        "maxCount": 8
      }
    ],
    "axolotls": [],
    "creature": [
      {
        "type": "minecraft:pig",
        "weight": 1,
        "minCount": 1,
        "maxCount": 2
      },
      {
        "type": "minecraft:rabbit",
        "weight": 2,
        "minCount": 2,
        "maxCount": 6
      },
      {
        "type": "minecraft:sheep",
        "weight": 2,
        "minCount": 2,
        "maxCount": 4
      },
      {
        "type": "minecraft:goat",
        "weight": 2,
        "minCount": 2,
        "maxCount": 4
      }
    ],
    "misc": [],
    "monster": [
      {
        "type": "minecraft:spider",
        "weight": 5,
        "minCount": 4,
        "maxCount": 4
      },
      {
        "type": "minecraft:zombie",
        "weight": 90,
        "minCount": 4,
        "maxCount": 4
      },
      {
        "type": "minecraft:zombie_villager",
        "weight": 95,
        "minCount": 1,
        "maxCount": 1
      },
      {
        "type": "minecraft:skeleton",
        "weight": 110,
        "minCount": 4,
        "maxCount": 4
      },
      {
        "type": "minecraft:creeper",
        "weight": 60,
        "minCount": 4,
        "maxCount": 4
      },
      {
        "type": "minecraft:slime",
        "weight": 100,
        "minCount": 4,
        "maxCount": 4
      },
      {
        "type": "minecraft:enderman",
        "weight": 30,
        "minCount": 1,
        "maxCount": 4
      },
      {
        "type": "minecraft:witch",
        "weight": 25,
        "minCount": 1,
        "maxCount": 1
      }
    ],
    "underground_water_creature": [
      {
        "type": "minecraft:glow_squid",
        "weight": 10,
        "minCount": 4,
        "maxCount": 6
      }
    ],
    "water_ambient": [],
    "water_creature": []
  },
  "spawn_costs": {},
  "carvers": {
    "air": [
      "minecraft:cave",
      "minecraft:cave_extra_underground",
      "minecraft:canyon"
    ]
  },
  "features": [
    [],
    [
      "minecraft:lake_lava_underground",
      "minecraft:lake_lava_surface"
    ],
    [
      "minecraft:amethyst_geode",
	  "ore_geodes:diamond_geode",
	  "ore_geodes:gold_geode",
	  "ore_geodes:copper_geode",
	  "ore_geodes:iron_geode",
	  "ore_geodes:coal_geode",
	  "ore_geodes:redstone_geode",
      "strato:sparse_smooth_basalt_pillar",
      "strato:amethyst_crystal_spike",
      "strato:amethyst_crystal_ground_spike",
      "strato:amethyst_spiral"
    ],
    [
      "minecraft:monster_room",
      "minecraft:monster_room_deep"
    ],
    [
      "strato:amethyst_water_fall"
    ],
    [],
    [
      "minecraft:ore_dirt",
      "minecraft:ore_gravel",
      "minecraft:ore_granite_upper",
      "minecraft:ore_granite_lower",
      "minecraft:ore_diorite_upper",
      "minecraft:ore_diorite_lower",
      "minecraft:ore_andesite_upper",
      "minecraft:ore_andesite_lower",
      "minecraft:ore_tuff",
      "minecraft:ore_coal_upper",
      "minecraft:ore_coal_lower",
      "minecraft:ore_iron_upper",
      "minecraft:ore_iron_middle",
      "minecraft:ore_iron_small",
      "minecraft:ore_gold",
      "minecraft:ore_gold_lower",
      "minecraft:ore_redstone",
      "minecraft:ore_redstone_lower",
      "minecraft:ore_diamond",
      "minecraft:ore_diamond_large",
      "minecraft:ore_diamond_buried",
      "minecraft:ore_lapis",
      "minecraft:ore_lapis_buried",
      "minecraft:ore_copper",
      "minecraft:underwater_magma",
      "minecraft:disk_sand",
      "minecraft:disk_clay",
      "minecraft:disk_gravel"
    ],
    [
      "strato:smooth_basalt_blob",
      "strato:calcite_blob",
      "strato:calcite_ground_blob",
      "strato:deepslate_calcite_blob",
      "strato:smooth_basalt_calcite_blob"
    ],
    [
      "minecraft:spring_water",
      "minecraft:spring_lava"
    ],
    [
      "minecraft:glow_lichen",
      "strato:grass_rocks",
      "strato:calcite",
      "strato:tall_mushrooms",
      "strato:azalea_bushes",
      "minecraft:bamboo_light",
      "minecraft:flower_cherry",
      "strato:roses",
      "minecraft:trees_cherry",
      "strato:basic_grass",
      "minecraft:patch_sugar_cane",
      "minecraft:patch_pumpkin",
      "minecraft:patch_berry_rare",
      "minecraft:warm_ocean_vegetation",
      "strato:amethyst_void_crystals",
      "strato:amethyst_void_ceiling_crystals",
      "strato:amethyst_vine",
      "strato:lush_spore_blossom"
    ],
    [
      "minecraft:freeze_top_layer"
    ]
  ]
}
