{
  "temperature": -0.2,
  "downfall": 0.9,
  "has_precipitation": true,
  "category": "taiga",
  "effects": {
    "sky_color": 9817086,
    "fog_color": 12638463,
    "water_color": 4159204,
    "water_fog_color": 329011,
    "foliage_color": 16777215,
    "mood_sound": {
      "sound": "minecraft:ambient.cave",
      "tick_delay": 6000,
      "block_search_extent": 8,
      "offset": 2
    }
  },
  "spawners": {
    "monster": [
      {
        "type": "minecraft:spider",
        "weight": 80,
        "minCount": 4,
        "maxCount": 4
      },
      {
        "type": "minecraft:zombie",
        "weight": 65,
        "minCount": 4,
        "maxCount": 4
      },
      {
        "type": "minecraft:zombie_villager",
        "weight": 5,
        "minCount": 1,
        "maxCount": 1
      },
      {
        "type": "minecraft:stray",
        "weight": 125,
        "minCount": 4,
        "maxCount": 4
      },
      {
        "type": "minecraft:creeper",
        "weight": 110,
        "minCount": 4,
        "maxCount": 4
      },
      {
        "type": "minecraft:slime",
        "weight": 100,
        "minCount": 4,
        "maxCount": 4
      },
      {
        "type": "minecraft:enderman",
        "weight": 22,
        "minCount": 1,
        "maxCount": 4
      },
      {
        "type": "minecraft:witch",
        "weight": 8,
        "minCount": 1,
        "maxCount": 1
      }
    ],
    "creature": [
      {
        "type": "minecraft:sheep",
        "weight": 20,
        "minCount": 4,
        "maxCount": 8
      },
      {
        "type": "minecraft:llama",
        "weight": 8,
        "minCount": 2,
        "maxCount": 4
      },
      {
        "type": "minecraft:chicken",
        "weight": 12,
        "minCount": 5,
        "maxCount": 9
      }
    ],
    "ambient": [
      {
        "type": "minecraft:bat",
        "weight": 10,
        "minCount": 8,
        "maxCount": 8
      }
    ],
    "axolotls": [],
    "underground_water_creature": [],
    "water_creature": [
      {
        "type": "minecraft:cod",
        "weight": 2,
        "minCount": 3,
        "maxCount": 4
      }
    ],
    "water_ambient": [],
    "misc": []
  },
  "spawn_costs": {},
  "carvers": {
    "air": [
      "minecraft:cave",
      "minecraft:cave_extra_underground",
      "minecraft:canyon"
    ]
  },
  "features": [
    [],
    [
      "minecraft:lake_lava_underground",
      "minecraft:lake_lava_surface"
    ],
    [
      "minecraft:amethyst_geode",
	  "ore_geodes:diamond_geode",
	  "ore_geodes:gold_geode",
	  "ore_geodes:copper_geode",
	  "ore_geodes:iron_geode",
	  "ore_geodes:coal_geode",
	  "ore_geodes:redstone_geode",
      "strato:sparse_packed_ice_pillar",
      "strato:thin_ice_pillar",
      "strato:sparse_thin_blue_ice_pillar"
    ],
    [
      "minecraft:monster_room",
      "minecraft:monster_room_deep"
    ],
    [],
    [],
    [
      "minecraft:ore_dirt",
      "minecraft:ore_gravel",
      "minecraft:ore_granite_upper",
      "minecraft:ore_granite_lower",
      "minecraft:ore_diorite_upper",
      "minecraft:ore_diorite_lower",
      "minecraft:ore_andesite_upper",
      "minecraft:ore_andesite_lower",
      "minecraft:ore_tuff",
      "minecraft:ore_coal_upper",
      "minecraft:ore_coal_lower",
      "minecraft:ore_iron_upper",
      "minecraft:ore_iron_middle",
      "minecraft:ore_iron_small",
      "minecraft:ore_gold",
      "minecraft:ore_gold_lower",
      "minecraft:ore_redstone",
      "minecraft:ore_redstone_lower",
      "minecraft:ore_diamond",
      "minecraft:ore_diamond_large",
      "minecraft:ore_diamond_buried",
      "minecraft:ore_lapis",
      "minecraft:ore_lapis_buried",
      "minecraft:ore_copper",
      "minecraft:underwater_magma",
      "minecraft:disk_sand",
      "minecraft:disk_clay",
      "minecraft:disk_gravel"
    ],
    [],
    [
      "minecraft:spring_water",
      "minecraft:spring_lava"
    ],
    [
      "minecraft:glow_lichen",
      "strato:rooted_dirt",
      "strato:rooted_dirt_pool",
      "strato:ice_spike",
      "strato:trees_thin_spruce",
      "strato:tall_mushrooms",
      "strato:bushes_dense",
      "strato:purple_flowers",
      "strato:fern_grass",
      "minecraft:patch_sugar_cane",
      "minecraft:patch_berry_rare",
      "strato:amethyst_spiral",
      "strato:amethyst_void_crystals",
      "strato:sparse_amethyst_void_ceiling_crystals",
      "strato:sparse_amethyst_vine",
      "strato:snowy_pool_with_ice",
      "strato:powdered_snow_pool",
      "strato:patch_snow_layer"
    ],
    [
      "minecraft:freeze_top_layer"
    ]
  ]
}
