{
  "temperature": 0.9,
  "downfall": 1.0,
  "has_precipitation": true,
  "category": "mushroom",
  "effects": {
    "sky_color": 7972607,
    "fog_color": 12638463,
    "water_color": 8028646,
    "water_fog_color": 329011,
    "foliage_color": 8028646,
    "mood_sound": {
      "sound": "minecraft:ambient.cave",
      "tick_delay": 6000,
      "block_search_extent": 8,
      "offset": 2
    },
    "particle": {
      "options": {
        "type": "minecraft:crimson_spore"
      },
      "probability": 0.0015
    }
  },
  "spawners": {
    "monster": [],
    "creature": [
      {
        "type": "minecraft:mooshroom",
        "weight": 8,
        "minCount": 4,
        "maxCount": 8
      }
    ],
    "ambient": [
      {
        "type": "minecraft:bat",
        "weight": 10,
        "minCount": 8,
        "maxCount": 8
      }
    ],
    "axolotls": [],
    "underground_water_creature": [
      {
        "type": "minecraft:glow_squid",
        "weight": 10,
        "minCount": 4,
        "maxCount": 6
      }
    ],
    "water_creature": [
      {
        "type": "minecraft:glow_squid",
        "weight": 6,
        "minCount": 1,
        "maxCount": 2
      }
    ],
    "water_ambient": [],
    "misc": []
  },
  "spawn_costs": {},
  "carvers": {
    "air": [
      "minecraft:cave",
      "minecraft:cave_extra_underground",
      "minecraft:canyon"
    ]
  },
  "features": [
    [],
    [
      "minecraft:lake_lava_underground",
      "minecraft:lake_lava_surface"
    ],
    [
      "minecraft:amethyst_geode",
	  "ore_geodes:diamond_geode",
	  "ore_geodes:gold_geode",
	  "ore_geodes:copper_geode",
	  "ore_geodes:iron_geode",
	  "ore_geodes:coal_geode",
	  "ore_geodes:redstone_geode",
      "strato:sparse_smooth_basalt_pillar",
      "strato:amethyst_crystal_spike",
      "strato:amethyst_crystal_ground_spike",
      "strato:amethyst_spiral"
    ],
    [
      "minecraft:monster_room",
      "minecraft:monster_room_deep"
    ],
    [
      "strato:amethyst_water_fall"
    ],
    [],
    [
      "minecraft:ore_dirt",
      "minecraft:ore_gravel",
      "minecraft:ore_granite_upper",
      "minecraft:ore_granite_lower",
      "minecraft:ore_diorite_upper",
      "minecraft:ore_diorite_lower",
      "minecraft:ore_andesite_upper",
      "minecraft:ore_andesite_lower",
      "minecraft:ore_tuff",
      "minecraft:ore_coal_upper",
      "minecraft:ore_coal_lower",
      "minecraft:ore_iron_upper",
      "minecraft:ore_iron_middle",
      "minecraft:ore_iron_small",
      "minecraft:ore_gold",
      "minecraft:ore_gold_lower",
      "minecraft:ore_redstone",
      "minecraft:ore_redstone_lower",
      "minecraft:ore_diamond",
      "minecraft:ore_diamond_large",
      "minecraft:ore_diamond_buried",
      "minecraft:ore_lapis",
      "minecraft:ore_lapis_buried",
      "minecraft:ore_copper",
      "minecraft:underwater_magma",
      "minecraft:disk_sand",
      "minecraft:disk_clay",
      "minecraft:disk_gravel"
    ],
    [
      "strato:smooth_basalt_blob",
      "strato:calcite_blob",
      "strato:calcite_ground_blob",
      "strato:deepslate_calcite_blob",
      "strato:smooth_basalt_calcite_blob"
    ],
    [
      "minecraft:spring_water",
      "minecraft:spring_lava"
    ],
    [
      "minecraft:glow_lichen",
      "strato:blackstone",
      "strato:blackstone_pool",
      "strato:trees_thin_spruce",
      "strato:tall_mushrooms",
      "strato:bushes_dense",
      "strato:basic_flowers",
      "strato:overworld_mushrooms",
      "strato:nether_mushrooms",
      "minecraft:patch_sugar_cane",
      "minecraft:patch_pumpkin",
      "minecraft:warm_ocean_vegetation",
      "strato:amethyst_void_crystals",
      "strato:amethyst_void_ceiling_crystals",
      "strato:amethyst_vine",
      "strato:lush_spore_blossom"
    ],
    [
      "minecraft:freeze_top_layer"
    ]
  ]
}
