{
  "temperature": 0.8,
  "downfall": 0.9,
  "has_precipitation": true,
  "category": "swamp",
  "effects": {
    "sky_color": 7972607,
    "fog_color": 12638463,
    "water_color": 6388580,
    "water_fog_color": 2302743,
    "foliage_color": 6975545,
    "grass_color_modifier": "swamp",
    "mood_sound": {
      "sound": "minecraft:ambient.cave",
      "tick_delay": 6000,
      "block_search_extent": 8,
      "offset": 2
    },
    "particle": {
      "options": {
        "type": "minecraft:rain"
      },
      "probability": 0.00043
    }
  },
  "spawners": {
    "monster": [
      {
        "type": "minecraft:spider",
        "weight": 125,
        "minCount": 4,
        "maxCount": 4
      },
      {
        "type": "minecraft:zombie",
        "weight": 45,
        "minCount": 4,
        "maxCount": 4
      },
      {
        "type": "minecraft:zombie_villager",
        "weight": 55,
        "minCount": 1,
        "maxCount": 1
      },
      {
        "type": "minecraft:skeleton",
        "weight": 75,
        "minCount": 4,
        "maxCount": 4
      },
      {
        "type": "minecraft:creeper",
        "weight": 60,
        "minCount": 4,
        "maxCount": 4
      },
      {
        "type": "minecraft:slime",
        "weight": 100,
        "minCount": 4,
        "maxCount": 4
      },
      {
        "type": "minecraft:enderman",
        "weight": 10,
        "minCount": 1,
        "maxCount": 4
      },
      {
        "type": "minecraft:witch",
        "weight": 45,
        "minCount": 1,
        "maxCount": 1
      }
    ],
    "creature": [
      {
        "type": "minecraft:sheep",
        "weight": 14,
        "minCount": 2,
        "maxCount": 6
      },
      {
        "type": "minecraft:pig",
        "weight": 20,
        "minCount": 4,
        "maxCount": 10
      },
      {
        "type": "minecraft:chicken",
        "weight": 6,
        "minCount": 1,
        "maxCount": 3
      },
      {
        "type": "minecraft:cow",
        "weight": 5,
        "minCount": 2,
        "maxCount": 4
      },{
        "type": "minecraft:frog",
        "weight": 60,
        "minCount": 3,
        "maxCount": 7
      }
    ],
    "ambient": [
      {
        "type": "minecraft:bat",
        "weight": 10,
        "minCount": 8,
        "maxCount": 8
      }
    ],
    "axolotls": [],
    "underground_water_creature": [
      {
        "type": "minecraft:glow_squid",
        "weight": 10,
        "minCount": 4,
        "maxCount": 6
      }
    ],
    "water_creature": [
      {
        "type": "minecraft:squid",
        "weight": 2,
        "minCount": 3,
        "maxCount": 4
      },
      {
        "type": "minecraft:glow_squid",
        "weight": 1,
        "minCount": 1,
        "maxCount": 1
      },
      {
        "type": "minecraft:axolotl",
        "weight": 3,
        "minCount": 1,
        "maxCount": 3
      }
    ],
    "water_ambient": [
      {
        "type": "minecraft:salmon",
        "weight": 4,
        "minCount": 3,
        "maxCount": 6
      },
      {
        "type": "minecraft:cod",
        "weight": 2,
        "minCount": 2,
        "maxCount": 3
      }
    ],
    "misc": []
  },
  "spawn_costs": {},
  "carvers": {
    "air": [
      "minecraft:cave",
      "minecraft:cave_extra_underground",
      "minecraft:canyon"
    ]
  },
  "features": [
    [],
    [
      "minecraft:lake_lava_underground",
      "minecraft:lake_lava_surface"
    ],
    [
      "minecraft:amethyst_geode",
	  "ore_geodes:diamond_geode",
	  "ore_geodes:gold_geode",
	  "ore_geodes:copper_geode",
	  "ore_geodes:iron_geode",
	  "ore_geodes:coal_geode",
	  "ore_geodes:redstone_geode"
    ],
    [
      "minecraft:monster_room",
      "minecraft:monster_room_deep"
    ],
    [],
    [],
    [
      "minecraft:ore_dirt",
      "minecraft:ore_gravel",
      "minecraft:ore_granite_upper",
      "minecraft:ore_granite_lower",
      "minecraft:ore_diorite_upper",
      "minecraft:ore_diorite_lower",
      "minecraft:ore_andesite_upper",
      "minecraft:ore_andesite_lower",
      "minecraft:ore_tuff",
      "minecraft:ore_coal_upper",
      "minecraft:ore_coal_lower",
      "minecraft:ore_iron_upper",
      "minecraft:ore_iron_middle",
      "minecraft:ore_iron_small",
      "minecraft:ore_gold",
      "minecraft:ore_gold_lower",
      "minecraft:ore_redstone",
      "minecraft:ore_redstone_lower",
      "minecraft:ore_diamond",
      "minecraft:ore_diamond_large",
      "minecraft:ore_diamond_buried",
      "minecraft:ore_lapis",
      "minecraft:ore_lapis_buried",
      "minecraft:ore_copper",
      "minecraft:underwater_magma",
      "minecraft:disk_sand",
      "minecraft:disk_clay",
      "minecraft:disk_gravel"
    ],
    [],
    [
      "minecraft:spring_water",
      "minecraft:spring_lava"
    ],
    [
      "minecraft:glow_lichen",
      "strato:grass_rocks",
      "strato:tuff",
      "strato:tuff_pool",
      "strato:trees_mega_swamp",
      "strato:oak_bush",
      "minecraft:flower_swamp",
      "minecraft:patch_dead_bush",
      "minecraft:patch_waterlily",
      "strato:overworld_mushrooms",
      "strato:nether_mushrooms",
      "strato:basic_grass",
      "strato:tall_grass",
      "minecraft:patch_sugar_cane",
      "minecraft:patch_pumpkin",
      "minecraft:warm_ocean_vegetation",
      "strato:dense_rooted_azalea_trees",
      "strato:rooted_towering_jungle_trees",
      "strato:rooted_branching_jungle_trees",
      "strato:rooted_jungle_bushes",
      "minecraft:lush_caves_ceiling_vegetation",
      "strato:hanging_bee_hive",
      "strato:cave_ceiling_shrubbery",
      "strato:cave_leaf_vines",
      "strato:lush_cave_vines",
      "strato:dirt_pool_with_dripleaves",
      "strato:sparse_lush_caves_vegetation",
      "strato:lush_spore_blossom",
      "minecraft:classic_vines_cave_feature"
    ],
    [
      "minecraft:freeze_top_layer"
    ]
  ]
}
