{
  "temperature": 2,
  "downfall": 0,
  "has_precipitation": false,
  "effects": {
    "sky_color": 7254527,
    "fog_color": 12638463,
    "water_color": 4159204,
    "water_fog_color": 329011,
    "grass_color": 9470285,
    "foliage_color": 10387789,
    "mood_sound": {
      "sound": "minecraft:ambient.cave",
      "tick_delay": 6000,
      "block_search_extent": 8,
      "offset": 2
    },
    "music": {
      "sound": "minecraft:music.overworld.badlands",
      "min_delay": 12000,
      "max_delay": 24000,
      "replace_current_music": false
    }
  },
  "spawners": {
    "monster": [
      {
        "type": "minecraft:spider",
        "weight": 100,
        "minCount": 4,
        "maxCount": 4
      },
      {
        "type": "minecraft:zombie",
        "weight": 75,
        "minCount": 4,
        "maxCount": 4
      },
      {
        "type": "minecraft:zombie_villager",
        "weight": 25,
        "minCount": 1,
        "maxCount": 1
      },
      {
        "type": "minecraft:skeleton",
        "weight": 70,
        "minCount": 4,
        "maxCount": 4
      },
      {
        "type": "minecraft:creeper",
        "weight": 90,
        "minCount": 4,
        "maxCount": 7
      },
      {
        "type": "minecraft:slime",
        "weight": 100,
        "minCount": 4,
        "maxCount": 4
      },
      {
        "type": "minecraft:enderman",
        "weight": 30,
        "minCount": 1,
        "maxCount": 6
      },
      {
        "type": "minecraft:witch",
        "weight": 25,
        "minCount": 1,
        "maxCount": 2
      }
    ],
    "creature": [
      {
        "type": "minecraft:sheep",
        "weight": 14,
        "minCount": 4,
        "maxCount": 8
      },
      {
        "type": "minecraft:pig",
        "weight": 7,
        "minCount": 3,
        "maxCount": 4
      },
      {
        "type": "minecraft:chicken",
        "weight": 2,
        "minCount": 4,
        "maxCount": 4
      },
      {
        "type": "minecraft:cow",
        "weight": 17,
        "minCount": 4,
        "maxCount": 8
      }
    ],
    "ambient": [
      {
        "type": "minecraft:bat",
        "weight": 10,
        "minCount": 8,
        "maxCount": 8
      },
      {
        "type": "minecraft:parrot",
        "weight": 3,
        "minCount": 2,
        "maxCount": 3
      }
    ],
    "axolotls": [],
    "underground_water_creature": [
      {
        "type": "minecraft:glow_squid",
        "weight": 10,
        "minCount": 4,
        "maxCount": 6
      }
    ],
    "water_creature": [
      {
        "type": "minecraft:squid",
        "weight": 2,
        "minCount": 3,
        "maxCount": 4
      },
      {
        "type": "minecraft:glow_squid",
        "weight": 1,
        "minCount": 1,
        "maxCount": 1
      },
      {
        "type": "minecraft:axolotl",
        "weight": 3,
        "minCount": 1,
        "maxCount": 3
      }
    ],
    "water_ambient": [
      {
        "type": "minecraft:salmon",
        "weight": 4,
        "minCount": 3,
        "maxCount": 6
      },
      {
        "type": "minecraft:cod",
        "weight": 2,
        "minCount": 2,
        "maxCount": 3
      }
    ],
    "misc": []
  },
  "spawn_costs": {},
  "carvers": {
    "air": [
      "minecraft:cave",
      "minecraft:cave_extra_underground",
      "minecraft:canyon"
    ]
  },
  "features": [
    [],
    [
      "minecraft:lake_lava_underground",
      "minecraft:lake_lava_surface"
    ],
    [
      "minecraft:amethyst_geode",
	  "ore_geodes:diamond_geode",
	  "ore_geodes:gold_geode",
	  "ore_geodes:copper_geode",
	  "ore_geodes:iron_geode",
	  "ore_geodes:coal_geode",
	  "ore_geodes:redstone_geode",
      "strato:sparse_smooth_basalt_pillar",
      "strato:amethyst_crystal_spike",
      "strato:amethyst_crystal_ground_spike",
      "strato:amethyst_spiral"
    ],
    [
      "minecraft:monster_room",
      "minecraft:monster_room_deep"
    ],
    [
      "strato:amethyst_water_fall"
    ],
    [],
    [
      "minecraft:ore_dirt",
      "minecraft:ore_gravel",
      "minecraft:ore_granite_upper",
      "minecraft:ore_granite_lower",
      "minecraft:ore_diorite_upper",
      "minecraft:ore_diorite_lower",
      "minecraft:ore_andesite_upper",
      "minecraft:ore_andesite_lower",
      "minecraft:ore_tuff",
      "minecraft:ore_coal_upper",
      "minecraft:ore_coal_lower",
      "minecraft:ore_iron_upper",
      "minecraft:ore_iron_middle",
      "minecraft:ore_iron_small",
      "minecraft:ore_gold",
      "minecraft:ore_gold_lower",
      "minecraft:ore_redstone",
      "minecraft:ore_redstone_lower",
      "minecraft:ore_diamond",
      "minecraft:ore_diamond_large",
      "minecraft:ore_diamond_buried",
      "minecraft:ore_lapis",
      "minecraft:ore_lapis_buried",
      "minecraft:ore_copper",
      "minecraft:underwater_magma",
      "minecraft:ore_gold_extra",
      "minecraft:disk_sand",
      "minecraft:disk_clay",
      "minecraft:disk_gravel"
    ],
    [
      "strato:smooth_basalt_blob",
      "strato:calcite_blob",
      "strato:calcite_ground_blob",
      "strato:deepslate_calcite_blob",
      "strato:smooth_basalt_calcite_blob"
    ],
    [
      "minecraft:spring_water",
      "minecraft:spring_lava"
    ],
    [
      "minecraft:glow_lichen",
      "strato:grass_rocks",
      "strato:mud",
      "strato:trees_tall_oak",
      "strato:dead_rooted_bushes",
      "strato:bushes_clustered",
      "minecraft:patch_grass_badlands",
      "minecraft:patch_dead_bush_badlands",
      "minecraft:brown_mushroom_normal",
      "minecraft:red_mushroom_normal",
      "minecraft:patch_sugar_cane_badlands",
      "strato:clustered_pumpkin",
      "minecraft:patch_cactus_decorated",
      "strato:amethyst_void_crystals",
      "strato:amethyst_void_ceiling_crystals",
      "strato:amethyst_vine",
      "strato:lush_spore_blossom"
    ],
    [
      "minecraft:freeze_top_layer"
    ]
  ]
}
